,BINARY,DECIPHER_niche,DECIPHER_cell,FuseMap_niche,FuseMap_cell,SToFM,scGPT_sp,Novae,Nicheformer,CellPLM,CELLama,Scanorama,scVI,Harmony,STACI,NicheCompass,STAMP,STAligner,STAIR,STAGATE,SPIRAL,SpiceMix,spCLUE,SpaVAE,SIMVI,scNiche,PRECAST,MENDER_wo_pcs,DeepGFT,CellCharter,CAST,BANKSY,CellNiche
batch_metrics_iLISI,1.0616135597229004,1.6215742826461792,2.502896308898926,1.593677282333374,2.1904447078704834,2.4063925743103027,2.2637672424316406,2.09964370727539,2.5850205421447754,2.391470193862915,2.3778817653656006,2.1830575466156006,2.2701339721679688,2.356518745422364,1.0506069660186768,1.3221772909164429,2.287108421325684,1.815255641937256,1.5785362720489502,1.6479926109313965,2.1876139640808105,2.6556077003479004,1.4109532833099363,2.1470305919647217,2.1007537841796875,1.997295618057251,1.969642877578736,1.228925704956055,2.630476951599121,1.755537986755371,1.5909361839294434,1.99080491065979,2.5652575492858887
batch_metrics_ASW_batch,0.8596138954162598,0.9313939213752748,0.9822299480438232,0.980705201625824,0.9851329922676086,0.951386034488678,0.9617441296577454,0.9063273072242736,0.949443519115448,0.9430956244468688,0.9648728370666504,0.9724626541137696,0.9660580158233644,0.9518234729766846,0.9094645380973816,0.9249897003173828,0.9694671034812928,0.9442972540855408,0.9424808025360109,0.9462950825691224,0.967319667339325,0.8194807171821594,0.8599352836608887,0.8791084289550781,0.9351778626441956,0.8853960633277893,0.9420029520988464,0.9425727725028992,0.9404199719429016,0.9549861550331116,0.9069384932518004,0.8142762780189514,0.8893499970436096
batch_metrics_PCR_comparison,0.0,0.8946835088522225,0.9924617095735344,0.8207591583910782,0.9546014794117526,0.9246404199695476,0.5335454341901262,0.8781356491335108,0.7473140050597048,0.8444496462801093,0.6349849170540927,0.5847190084199488,0.2126611800847784,0.8709724004577651,0.0,0.9499461505038912,0.3776881246155986,0.0,0.0,0.50100714464682,0.0,0.6348659378480405,0.0,0.0,0.6721598629966756,0.7989810783696285,0.5799023086649241,0.0,0.8841295546689467,0.0,0.0203381367234588,0.9576763873794998,0.8616083946213228
batch_metrics_kBET,0.0091187848355762,0.0676975534799571,0.6112762999752664,0.1022970193372966,0.5296987950996738,0.4316478667399059,0.4067879468245453,0.1999993644200967,0.6887576407234032,0.5065690470767072,0.4731627923790462,0.3874950662212813,0.4358946903865833,0.5890890789784059,0.0097555953095029,0.0241491262089334,0.5433575444465842,0.1950025572009094,0.0968782147116188,0.1691683715486845,0.6707632417949553,0.5031644845552147,0.0923127187952179,0.2218688973238402,0.2536956034262276,0.2720174933493652,0.3759147783852521,0.038105208052444,0.1776435903620776,0.1983121805466088,0.0914626568224789,0.2095941617842048,0.0818171787830554
batch_metrics_graph_connectivity,0.9895182462195103,0.9549591398374474,0.7228607802154862,0.9957220927832634,0.3278138480920144,0.6155658909644105,0.8060870176609907,0.9250851104464736,0.5764894352548909,0.3477663207252142,0.6301713459315493,0.6055113284981749,0.7837196495029687,0.5818318317773519,0.9973837531335622,0.9853924064832243,0.7761949747147167,0.9552808710635802,0.9929651789984208,0.9564104142136544,0.6665300538451728,0.325396348486293,0.907117390091197,0.9138522312984624,0.8431423359839494,0.8410420143304634,0.5445398073546711,0.9354697186913256,0.9329576209601028,0.922298986080952,0.971684200391271,0.6025398385490993,0.7498549868972684
bio_metrics_ARI_kmeans,0.4645617334179069,0.1547280515530617,0.0643174998626257,0.2616373329678216,0.122144109687386,0.0246096492728482,0.179678682388454,0.0389762895823784,0.0022352512499883,0.0398563486003689,0.068165242224194,0.1767367878376576,0.2761541415250128,0.1332747875807366,0.3660104814296116,0.1992203578514398,0.1962817621569372,0.1645816793681147,0.4542937858362939,0.2313064768667752,0.5417083202293389,0.4459982056910358,0.4876092071708109,0.6327870677984124,0.2144562821622921,-1.5108076131736718e-05,0.0969063580289218,0.5010010427988859,0.0183151124276312,0.5015443453307787,0.4029081878115655,0.2253377647919883,0.0334672782105886
bio_metrics_ARI_mclust,0.4785745748679132,0.0789681739998284,0.0410847850916784,0.3228673138133583,0.0009757945160225,0.0263768477839925,0.2286260186141885,-0.0041754523370094,-0.0009520348109222,0.0945752728399171,0.0259218667624182,0.1285241751958896,0.3162520790174975,0.1560605428333416,0.5868055399716207,0.1651985118596363,0.1688666796978809,0.1479131287282294,0.5476820065542899,0.1721067226710964,0.583442714129686,0.4453921293464292,0.5015465778027538,0.5978377001698049,0.1652243305280594,0.396683838580856,0.0804987247126605,0.5530757053094956,-0.0106943421140012,0.6164675928502678,0.0419302324580889,0.0499789833677698,0.0253783802409501
bio_metrics_ARI_leiden,0.5725843100702861,0.4775427508177871,0.1069306293955437,0.4161497240727193,0.0035213308890733,0.0187223402687611,0.2127184847128513,0.1062081503517443,0.0187283265647718,0.0398937616365142,0.0093837716304477,0.2192752456248415,0.2972855150430968,0.1829779029999852,0.6057268638781834,0.5521238818063645,0.2165924571430006,0.4388444447771044,0.4529210624202789,0.4740975797782924,0.5992407969770606,0.1720311886062951,0.4143530235439349,0.5305707483870197,0.3168162755454365,0.3353486154552945,0.03239713905829,0.5998796508456823,0.0117328682560354,0.5795605604504961,0.6330606902373063,0.3565845008779394,0.028935884401311
bio_metrics_NMI_kmeans,0.4839991016535702,0.1555191750271247,0.055012502629639,0.3292249958688465,0.1444752407114873,0.0220294272400634,0.206671078816677,0.0314079554115438,0.0130399581667857,0.0526938643032418,0.1243886098086949,0.1657091044192057,0.2481373521052384,0.1757020256739749,0.3369456898815773,0.2612973266676388,0.219399012712193,0.2204660572250499,0.38792557348668,0.2577996976069494,0.4990443412058735,0.4556751699649414,0.4534393803440448,0.566661385623647,0.2265117979349314,9.728127701679512e-06,0.1357039390780371,0.4453260538952879,0.0235560851787509,0.4518354156656637,0.4517827064608463,0.1759678993926513,0.0297861155012616
bio_metrics_NMI_mclust,0.5025576995995664,0.1159601589814334,0.1157027204030932,0.2985095580330146,0.0618627750658601,0.0297057940769998,0.2630609249296076,0.0059397851088608,0.0139668295687917,0.0565752259452578,0.0886597746706882,0.1791254027507162,0.2805303876201037,0.1922212435819154,0.5139495049786507,0.2556474585246808,0.2572872914822882,0.23254631567264,0.4972288335577109,0.2392668048675544,0.5189318063353273,0.4550293818459822,0.4612875701111197,0.5478496781583084,0.2371985525104723,0.4038048463271715,0.1360182437112181,0.4996997329234965,0.035013189282533,0.5318567337737377,0.2373070434158566,0.0520745279067617,0.03211902056951
bio_metrics_NMI_leiden,0.5243845314601333,0.4419823247852441,0.1576223970628993,0.3846022829231472,0.0039891627603768,0.0183888106605042,0.2928968640080583,0.116220764179611,0.0141993922345058,0.0614760071830652,0.0052419060109447,0.1772722124549239,0.2647119737176845,0.2643952320606325,0.5473891651894656,0.4557042707116654,0.293849265049099,0.3612415018898804,0.4663360194309682,0.3790045227196901,0.5240280413349969,0.2478001868659814,0.431137954484057,0.4968735055924876,0.3516301749120458,0.3842946994329547,0.0650024849048005,0.5190635930569218,0.0279174373389242,0.4969615519843441,0.5721124140828168,0.2568628015559562,0.0301754169389933
bio_metrics_cLISI,0.997822403907776,0.9873749017715454,0.6923569440841675,0.9235843420028688,0.6760478019714355,0.6958543658256531,0.8860073685646057,0.8458281755447388,0.5368555784225464,0.7272259593009949,0.7682962417602539,0.8352251052856445,0.8490581512451172,0.8387573957443237,0.9999998211860656,0.9930241107940674,0.8745718002319336,0.9519983530044556,0.9892809391021729,0.9691414833068848,0.9565204381942748,0.7750238180160522,0.9891231060028076,0.9899303913116456,0.941686749458313,0.9557785987854004,0.829666018486023,0.9977854490280152,0.5389556884765625,0.9879589080810548,0.9999998211860656,0.8784250020980835,0.5422837734222412
bio_metrics_isolated_labels,0.5675691962242126,0.5387524366378784,0.5056561827659607,0.5128905773162842,0.4970199167728424,0.4948291778564453,0.5258805751800537,0.5124759078025818,0.4934112131595611,0.506380021572113,0.5063326358795166,0.5078554749488831,0.5180445313453674,0.5194316506385803,0.5536442399024963,0.5554798245429993,0.5342578887939453,0.5284838080406189,0.5613637566566467,0.5399768948554993,0.5597091317176819,0.5389705300331116,0.594706654548645,0.6104547381401062,0.5426997542381287,0.5480524897575378,0.4916132986545563,0.5516104102134705,0.4939875602722168,0.547249972820282,0.5700629353523254,0.4984877109527588,0.4982348978519439
bio_metrics_ASW_label,0.5798364281654358,0.5214959383010864,0.5041673183441162,0.5188575387001038,0.5002801418304443,0.5004130005836487,0.5252473950386047,0.5121173858642578,0.4955983757972717,0.5044598579406738,0.5076068043708801,0.5101900100708008,0.5213771462440491,0.5352016687393188,0.5485035181045532,0.5399067997932434,0.545680046081543,0.5299994349479675,0.5694226622581482,0.544376790523529,0.5887082815170288,0.50117427110672,0.5861956477165222,0.6012247204780579,0.5497162938117981,0.5409310460090637,0.4796946942806244,0.5567989349365234,0.4828324317932129,0.5501760840415955,0.5954220294952393,0.5559746623039246,0.4993416368961334
spatial_metrics_moran_i_mean,0.8942956940227886,0.8442901073321804,0.144843937626118,0.5223110239793426,0.1186640002537036,0.0848156975736739,0.1206708924286703,0.5828219688591921,0.0183525838978049,0.0842405522294568,0.0756554639195119,0.0884635499062243,0.2700972011826829,0.0691471460072359,0.888002296806477,0.5400150846814697,0.36383952640282,0.7059606091848338,0.7875455223106274,0.7612023091522316,0.5267342559347656,0.3611835698965679,0.8592791480668446,0.4359645964656808,0.4752344273537899,0.4266880915977718,0.1839966285347984,0.46518764707831,0.7547800889611144,0.6484756571107677,0.9198631790578812,0.1219579013269305,0.4766269965970574
spatial_metrics_moran_i_std,0.0180945895267003,0.0210482965343281,0.021772879742009,0.0152660488089387,0.0137030439764404,0.0106619068328596,0.025058112647909,0.0219964637986076,0.0030145911995844,0.0190772999926216,0.006899465729775,0.018054922740852,0.0342428715078948,0.0114807556847308,0.0113188463626782,0.0091711209086647,0.0355415503651994,0.0281026552239984,0.0218046597986802,0.02611522449937,0.0270352270144204,0.118802561822127,0.0463818804207371,0.013250291403316,0.0363271475276197,0.0242200800905142,0.0252897678011438,0.0027431736138395,0.0081595088447555,0.0427814680495762,0.0051872612615018,0.0176489502067273,0.007828307688171
spatial_metrics_greay_c_mean,0.1048059805284558,0.1558330334826818,0.8553473360751435,0.4801718957597452,0.881791288037947,0.9147220779887776,0.8788240965294488,0.4197287768813638,0.9805634005284948,0.9155774887444722,0.9249874214652064,0.9114487786928612,0.7308873554791263,0.928286560057916,0.1269813097142939,0.4618807223607564,0.6388176809392757,0.2945841774913684,0.2093517764887881,0.2396815970162193,0.4738691049115184,0.4691760494783923,0.1406724173559417,0.5651413314036691,0.5264396953775052,0.574419454566048,0.8164868883157871,0.5322383733915496,0.2430889023435659,0.3530411100436115,0.0818196013069733,0.8580866242519969,0.5229176815745111
spatial_metrics_greay_c_std,0.0183866251147965,0.0210648114350761,0.021781797948485,0.0148922684708937,0.0133958348265364,0.0106496789812975,0.0250339040519119,0.0222408550881015,0.0031050604422176,0.0189945741108045,0.0068281974972389,0.0179747967427888,0.033781407989911,0.0131972063097196,0.0110496112795119,0.0089883762483187,0.0348616568526224,0.0276842308481354,0.0215614074668798,0.025850927968456,0.0270606314789919,0.0517718363510128,0.0463865718931064,0.0133998245070613,0.0358938737906318,0.0256729111543241,0.0254553874544063,0.002504459016505,0.0083238176443459,0.0422256957998076,0.0044200186956119,0.0207495119138031,0.0071251435522358
downstream_metrics_CHAOS_kmeans_mean,0.0137930093333125,0.0140256934488813,0.0167371928691864,0.0140976433952649,0.0161956114073594,0.0177071510503689,0.0163148064166307,0.0144332718725005,0.0172919301937023,0.0167502996822198,0.016641246775786,0.0158758126199245,0.016315064082543,0.0157013439262906,0.0140879147996505,0.0139211804295579,0.015416392746071,0.0141679312412937,0.0143210624034206,0.0140970088541507,0.0141323925927281,0.0137204316755135,0.0144277391955256,0.0142934853211045,0.0149035224070151,0.0141153723622361,0.0166778601706028,0.0138718836630384,0.0140878837555646,0.0139922139545281,0.013701608714958,0.0148777641976873,0.0141547651340564
downstream_metrics_CHAOS_kmeans_std,0.0002021985059966,0.0002196016016114,0.0003642886132291,0.0002542015252576,0.0004374314640971,0.0003577277237504,0.0002539763042989,0.0002008663317048,0.000300121479403,0.0002181979055536,0.0003016186843086,0.0003239513719005,0.0003367718536044,0.0002398905850571,0.0002751588964018,0.0002010485555582,0.000249627946936,0.0001883945257437,0.0003213187452099,0.0002087285308257,0.00023110082895,0.0002731227904275,0.0002155070023363,0.0004062978061771,0.0002365745002812,0.0002949301943918,0.000308901710224,0.0002376183765191,0.0002820332033905,0.0003314845153059,0.0003229282279238,0.0001884643404477,0.0002859669896837
downstream_metrics_PAS_kmeans_mean,0.0294734671390832,0.0599521044926994,0.4242103565208659,0.0490968261173183,0.2878395046130408,0.5768347232348844,0.3359335376553665,0.126939917188292,0.3567286253710422,0.335755381034426,0.4033608284396539,0.2765559431914912,0.2580064484020042,0.2595997409257999,0.0694469680084341,0.0533640303414405,0.2185555146599757,0.0942247595002093,0.0729444828645327,0.0789246020412078,0.0569637625500069,0.0062659979705416,0.0732143178782211,0.0522225460081877,0.1692768424693699,0.0021396923550709,0.3517625854780144,0.0225320237205543,0.0978970853209343,0.0347557598835524,0.0118827626832538,0.1169725838350991,0.0788301250104534
downstream_metrics_PAS_kmeans_std,0.0141862478261352,0.0150478267575326,0.0159936365580995,0.0161425849377208,0.0371945889205877,0.0192476804223116,0.0374976900852295,0.0204675294393218,0.0261887081328198,0.0554515992269916,0.0080367510528946,0.0382982196593392,0.0138109836347547,0.0332766448613439,0.0047470694300066,0.01570573229895,0.0168982487729199,0.0142365442878679,0.0030302116886139,0.0159623498959933,0.0162141675657466,0.0024630699048319,0.0327821800938884,0.0105463492050714,0.0280650599870898,0.0005892508812799,0.0394860998872442,0.0025600035807862,0.0026255633082384,0.001074226966487,0.0038257110761239,0.0097686552966048,0.0032187659101175
downstream_metrics_CHAOS_mclust_mean,0.0137783025080959,0.0139618348330259,0.0154411733771363,0.014327756439646,0.0155216290925939,0.0168887631346782,0.0158172864466905,0.0138553325086832,0.0168022854874531,0.0164881404489278,0.0165177552650372,0.0160514488816261,0.0159435166666905,0.0156321500738461,0.0136752768109242,0.0138850975781679,0.014835906215012,0.0141156734898686,0.0138406477247675,0.014091151766479,0.0139710077395041,0.0136992766832311,0.0144720797737439,0.0143005835513273,0.0144469821825623,0.0142381271968285,0.016473460321625,0.0139032872393727,0.0138746121277411,0.0137666302422682,0.0136419891690214,0.0140601238235831,0.0141909609859188
downstream_metrics_CHAOS_mclust_std,0.000206071402664,0.0002366980493052,0.0002248020633546,0.0002306696954906,0.0003564531096435,0.0003384544283777,0.0002160027704394,0.0002823383528417,0.0003400555256095,0.0003243060588689,0.0002097729619748,0.0002695463857526,0.0003142503192388,0.000234869644508,0.0002496069952423,0.0002439341176661,0.0001935419433272,0.0002200411655084,0.0003268657848589,0.000184086818485,0.0002202356877909,0.0002707643251725,0.0002160360034605,0.0005012837911554,0.0002125366770924,0.0003198373793039,0.0002814499200475,0.0002548104445599,0.0002799559203701,0.0003114046208627,0.0002785634502838,0.000233036787828,0.0002876897941125
downstream_metrics_PAS_mclust_mean,0.029295032018333,0.0548246771988302,0.209821732039877,0.0790351946836306,0.1674541189490041,0.2253484510660809,0.1528027755691479,0.0345719620901068,0.210878809481473,0.2981440677656775,0.4025879952239597,0.2541509809351536,0.2028471799460492,0.2462781849332403,0.008079799721507,0.0488605710099537,0.1182427482546681,0.0823049259715133,0.0214267040380128,0.0763858243657832,0.045500692988052,0.006109768179175,0.0784387446578161,0.0507492243649331,0.1194727053124922,0.0312599215800552,0.291899674684772,0.0215270502463066,0.0442556345386878,0.0149996680437229,0.008029402358079,0.0536574277357714,0.0789581501494295
downstream_metrics_PAS_mclust_std,0.0126260439598922,0.0101559097104465,0.0153197430255593,0.0281249180840756,0.0164241930874595,0.0171000918096177,0.0426211131452507,0.0031548357294745,0.0269347289830962,0.0099487299207766,0.0055015020004297,0.0321438402880434,0.0300905918542828,0.0333070497018374,0.0006137916002985,0.0077399947992841,0.0292653099625167,0.0147304660763444,0.0033192839445153,0.0171207467164302,0.0152092253392449,0.0024802310037108,0.0393238584133531,0.0138242475439069,0.0210856265256278,0.0053399086354165,0.0456602038512113,0.002941721452098,0.0005912690480571,0.003402519728546,0.0010268011273813,0.0028252564941763,0.0051190628505616
downstream_metrics_CHAOS_leiden_mean,0.0136983819926778,0.0138303081815441,0.0162361475328604,0.0139835917701323,0.0142279518768191,0.0175146553665399,0.0153958887482682,0.014486354154845,0.0176477947582801,0.0225882461915413,0.0178680842121442,0.0148935606703162,0.0160677240540583,0.0148709078008929,0.0137168271467089,0.0138111151754856,0.0146511684482296,0.0141625121856729,0.0140763549134135,0.0140514383092522,0.014031128026545,0.0176932184646527,0.0144840870052576,0.0146147832274436,0.0146503581975897,0.0146333938464522,0.0178127891073624,0.0139575181528925,0.0138498060405254,0.0138627349709471,0.0136057032893101,0.0150935091078281,0.0141062525411446
downstream_metrics_CHAOS_leiden_std,0.0002644731154822,0.0002469888979843,0.0002494945109119,0.0002585955703485,0.0002879569422214,0.0003500127097515,0.0002832808013929,0.0001876985135912,0.0003239508863094,1.0662573972773572e-05,0.0003358955104834,0.0005611440846071,0.0004138866482626,0.0002285342332966,0.0002326611560057,0.0002267928828006,0.0002004289281881,0.0002672424081037,0.000224638129035,0.0002220197523177,0.0002667400538618,0.000293988399273,0.0002688510444386,0.0002918881429279,0.0002392153047468,0.0002402788674672,0.0001965352264836,0.0002631856733108,0.0002848895390623,0.0002820580863121,0.0002742536147592,9.91889473314756e-05,0.0002826923177516
downstream_metrics_PAS_leiden_mean,0.0117728589910182,0.0203380555058294,0.3009581902611795,0.0372650493524657,0.0103186949882842,0.5081246063433494,0.1378422272356738,0.1125930935001811,0.5013840081856533,0.6035253483177573,0.6074038067830224,0.1196857656371697,0.2342862526009687,0.0968609219763789,0.0066015023012945,0.0234525916739241,0.0952193473600142,0.0675223856327044,0.0562939338857188,0.0594312612481107,0.0450958406819921,0.554728790222434,0.086180704056241,0.0784053034840873,0.1451991224421641,0.0595832893045019,0.4741925005720186,0.0154568841043152,0.0443653122306855,0.0237810286713513,0.0043070006716013,0.099110840137159,0.0773858336868797
downstream_metrics_PAS_leiden_std,0.0020840693942043,0.0058477813587711,0.054305915026638,0.0145856542496946,0.0018234069725737,0.0164037362156882,0.0289101948267017,0.0240268822779284,0.0286093362521291,0.0632882795618708,0.0477055454064944,0.0330443889344762,0.0127057571747832,0.0355582475968815,0.0007214056976915,0.0054498820576946,0.0254391506097288,0.0033553790794566,0.0159156176521851,0.0137107041796194,0.0112784829703858,0.0227124630517494,0.0277580950187068,0.0060632896541475,0.0557217300555992,0.0124588462031709,0.0984565771519309,0.0036329095315979,0.0010691779087508,0.0016594706080554,0.0003132035841496,0.0234256299028205,0.0036782204094137
downstream_metrics_average_confidence_score_mean,0.9849840998649596,0.96355402469635,0.8182753324508667,0.6511461734771729,0.6658838987350464,0.8485115170478821,0.8978677988052368,0.9643505215644836,0.9059115052223206,0.9892920255661012,0.7758980989456177,0.7216979265213013,0.9317408204078674,0.8516924381256104,0.8702656626701355,0.9223106503486632,0.9868407249450684,0.9575046300888062,0.9900399446487428,0.9753185510635376,0.8940751552581787,0.9995565414428712,0.9901837110519408,0.999597668647766,0.973983347415924,0.9871656894683838,0.9910506010055542,0.7789563536643982,0.9952265620231628,0.7913771867752075,0.9910286664962769,0.9696259498596193,0.9671735167503356
downstream_metrics_average_confidence_score_std,0.0041397809982299,0.0076989531517028,0.0037174522876739,0.0007823407649993,0.002406895160675,0.0021377205848693,0.0022281110286712,0.0037532448768615,0.0014837384223937,0.0002490580081939,0.001908928155899,0.0040706694126129,0.0050446391105651,0.0030547082424163,0.0280265808105468,0.0097217559814453,0.0002574324607849,0.0040951073169708,0.0006907880306243,0.0017878413200378,0.0004989504814147,0.000302106142044,0.0027854144573211,0.0002008974552154,0.0020936131477355,0.0091505050659179,0.0003582835197448,0.0339276790618896,0.0003033280372619,0.0124149918556213,0.0016136467456817,0.0016604661941528,0.0024707913398742
downstream_metrics_slice_wise_average_PCC_mean,0.4230901896953583,0.384069412946701,0.5164272785186768,0.4393929839134216,0.5300159454345703,0.393348753452301,0.4458211064338684,0.3544832468032837,0.3432350754737854,0.3833290338516235,0.5037832856178284,0.5508007407188416,0.5921120643615723,0.5035312175750732,0.446746677160263,0.432445228099823,0.5105717182159424,0.4859171509742737,0.439983069896698,0.4700945019721985,0.6342419385910034,0.3805090188980102,0.4207515716552734,0.4278530180454254,0.481616735458374,0.4931617379188537,0.5624310374259949,0.4121018350124359,0.3016125559806824,0.5526077747344971,0.4032607078552246,0.4203323721885681,0.3098590672016144
downstream_metrics_slice_wise_average_PCC_std,0.0182583630084991,0.0365266799926757,0.0253574401140213,0.0204555690288543,0.0168149769306182,0.0248054563999176,0.0195462554693222,0.0387623459100723,0.0348314195871353,0.0413309186697006,0.0114991515874862,0.0122397541999816,0.0174002349376678,0.0202870965003967,0.0312277972698211,0.0226828027516603,0.0203699618577957,0.0307098031044006,0.026584967970848,0.0220522135496139,0.0166226029396057,0.0114808976650238,0.0212112218141555,0.0234584212303161,0.0194934755563735,0.0134093314409255,0.015912115573883,0.0107171535491943,0.0244926214218139,0.0107821822166442,0.0112384110689163,0.020654872059822,0.0262117087841033
downstream_metrics_average_matching_rate_mean,0.771725706945211,0.7691798682529081,0.6432651220197654,0.7407090567545558,0.6346000661676572,0.6394944855079583,0.720820246432331,0.6954142108690676,0.5121727695087245,0.6293152564027471,0.6546940552846799,0.6795336060716123,0.6803183882196592,0.6945345547475698,0.8236411614688346,0.7831270552354497,0.7013228753122352,0.7616537911651979,0.8160149140811976,0.7801588008466049,0.7887020702437395,0.6626991165064158,0.8446993796305229,0.8170244485431426,0.7610450987627555,0.733328291335406,0.6597969173854931,0.8184507402634557,0.3923472234306785,0.8306955207500122,0.8389976513931325,0.7077393036201169,0.3990692336193763
downstream_metrics_average_matching_rate_std,0.0951822998690989,0.0505363418474566,0.0303764933996632,0.0424286053065149,0.027514248450451,0.0279618603182769,0.0108130585080438,0.0330153607838887,0.0104691919959476,0.0169057589581133,0.0361864813422365,0.0078715532607094,0.0001650662435093,0.0151265479332597,0.0031795369979456,0.0237573789151772,0.0177890167091687,0.0378031935026044,0.0033019668921005,0.0221732812554635,0.0049521035211667,0.0494644487040307,0.021818204162039,0.027231301030963,0.0158630289160774,0.0624287359218341,0.0404400178965663,0.0045133467370501,0.1121512859389978,0.0029661061665124,0.053490636511467,0.0323240566013776,0.1058817885271313
bio_metrics_geometry_cell_distance_corr_mean,0.2498884394245201,0.2092118118398934,0.0661721949994723,0.1715094555263392,0.05946588718134,0.0449234171970006,0.1253450005925938,0.1543114925768484,0.0171902252961773,0.0544711159058117,0.0655209200636956,0.1106512232653328,0.0998962982407623,0.0926678220416834,0.2331553440755767,0.2972053982186151,0.1034897028575824,0.1336225729621609,0.2141040778314889,0.1792344593763772,0.1709650100379275,0.0973827017097182,0.2079157540958501,0.3060294209891724,0.1704814998400343,0.1940037270383561,0.0454521352949321,0.2643144576550347,0.1261933261586184,0.2355192868309811,0.3661374084605313,0.1752066781367682,0.1458162504385174
bio_metrics_geometry_cell_distance_corr_std,0.0562657240658028,0.0261580944320323,0.0186119719943949,0.0406269841090625,0.0150579718918516,0.0197876026795732,0.0457111741131898,0.073164853501244,0.0105303382197039,0.0269622634545016,0.0143419032748578,0.0263214333686169,0.0147213474150893,0.0605914000648691,0.045159385772451,0.0262683123116905,0.0355115368545326,0.0413219354205127,0.0254042209472236,0.0531720693739152,0.0202379885556686,0.0409054939873327,0.0674432300090299,0.0424369123061748,0.0414582372476997,0.0500224553814725,0.0126272326304847,0.0194414645470675,0.0030768790899283,0.0321368542434448,0.0141316024634809,0.035960319091882,0.0332230627928073
bio_metrics_geometry_truthworthiness_mean,0.76177684636416,0.7359053498980298,0.5626362365351776,0.7200411120375737,0.5550225352806905,0.5710369282250158,0.5914115823738829,0.6723763701533642,0.5165339627658599,0.56453149827913,0.5585151724032085,0.5841807890524202,0.5752949488647044,0.5774540712188306,0.8307780389294427,0.7571035663049234,0.5846440465506557,0.6758701994281117,0.7475357433568023,0.6871634337041512,0.5967348470288186,0.5423117360611749,0.6754189672746254,0.675944559195445,0.6358304102744669,0.6327896149835478,0.5525118892019849,0.8090770312122836,0.6997642958151755,0.6896688043322335,0.7926787297988599,0.6059390439034072,0.6630607923067898
bio_metrics_geometry_truthworthiness_std,0.0231408019026947,0.0162113487497682,0.0100405056867282,0.0168096956910038,0.0105858293207772,0.0156587646916261,0.0225513156245497,0.0247075793042593,0.0042898573944666,0.0186956115452485,0.0089519201645429,0.0169444266093197,0.0120496054721811,0.013884065536464,0.0160439169031173,0.0176761829599435,0.0182237965599677,0.0238788395364528,0.0187769264463854,0.0265046381241913,0.0119669113087649,0.0097829839979605,0.0167999748815312,0.0198690825831877,0.0205751532783144,0.023226718930785,0.0058863727612607,0.0061109765167154,0.0071489767163213,0.0243971102159342,0.0083285309557842,0.0179860672958105,0.0164960692428231
bio_metrics_geometry_truthworthiness_decay_mean,-0.1070642437731121,-0.0842641529690449,-0.0050569602964105,-0.2071973453114407,-0.0174729104300729,-0.0172510853121742,-0.0107222847055946,-0.0882032894956142,-0.0004093689282055,-0.0082233178352815,-0.0083655791196205,-0.0101000010780071,-0.0094073829068067,-0.0066500628603177,-0.1929500854410887,-0.105623781969006,-0.0099128163127458,-0.1118677434613634,-0.1596944547375186,-0.0918494355284806,-0.007312290614102,0.003210349651171,-0.0377856766658412,-0.0058097427799253,-0.0319871724239831,-0.0132660813857343,-0.0172577257209826,-0.1419257558091447,-0.1993867068165426,-0.0534752134080349,-0.0504398367545897,-0.0191689756660254,-0.1066899467431701
bio_metrics_geometry_truthworthiness_decay_std,0.0079668988937046,0.0062211207550798,0.0011833889447485,0.0069251276836589,0.0029558933021473,0.0025297157956362,0.0010090941506399,0.0046090352410662,0.0010384095613505,0.0013928857086548,0.0017045626924093,0.0026013775287996,0.0024767305873169,0.0020348886622096,0.0183398179225772,0.0050236138182027,0.0018589985030037,0.0053997872786173,0.0089713361920028,0.0024882615808918,0.0014046987869983,0.0001292694904479,0.0049272368309486,0.0016513769020205,0.0018544866154117,0.0029187513912485,0.0039013483427932,0.0127647372679248,0.0083391249232468,0.0039563227415365,0.0025883113700861,0.0042649493726399,0.0057731657591442
bio_metrics_scgraph_scGraph_Rank_PCA,0.9,0.9,0.9333333333333332,0.8333333333333334,0.8666666666666666,0.7666666666666666,0.9,0.8,0.7333333333333333,0.8,0.9333333333333332,0.9333333333333332,0.9333333333333332,0.8666666666666666,0.9333333333333332,0.9,0.8666666666666666,0.9333333333333332,0.9333333333333332,0.9333333333333332,0.9333333333333332,0.9,0.9,0.9666666666666666,0.9666666666666666,0.797606774342517,0.9333333333333332,0.9,0.7666666666666667,0.9,0.7333333333333333,0.8666666666666668,0.6732050807568878
bio_metrics_scgraph_scGraph_Corr_PCA,0.9824821510503968,0.9644019973169836,0.9751071610157972,0.9599158039641492,0.9713669553517597,0.8513212961686193,0.9800819639158692,0.8830503023401286,0.6831582830921412,0.8411914712779651,0.9925104859484164,0.9891108955002984,0.965963849298911,0.9546919460242476,0.9870398688686228,0.9624672466350984,0.9643208024593276,0.9891613942952208,0.9950710773444084,0.994629793929974,0.9537774884246152,0.9411763314496756,0.959785510893452,0.9514136514150568,0.989707407563244,0.8197866833895862,0.9675475360923624,0.9914522083137844,0.9063896434963392,0.9710388043363544,0.7912391175247973,0.9305529200285956,0.7006065084243288
bio_metrics_scgraph_scGraph_Corr_Weighted,0.6000000000000001,0.6,0.7333333333333333,0.3333333333333333,0.4666666666666667,0.0666666666666666,0.6000000000000001,0.1999999999999999,-0.0666666666666666,0.1999999999999999,0.7333333333333334,0.7333333333333333,0.7333333333333334,0.4666666666666667,0.7333333333333333,0.6000000000000001,0.4666666666666667,0.7333333333333334,0.7333333333333334,0.7333333333333334,0.7333333333333333,0.6,0.6000000000000001,0.8666666666666666,0.8666666666666666,0.7777777777777777,0.7333333333333334,0.6,0.0666666666666666,0.6,-0.0666666666666666,0.4666666666666667,0.3333333333333333
sc_metrics_0_KNN_acc,0.6428376059875177,0.6002188129398016,0.60643508963871,0.5760747942412413,0.5669493000472438,0.6108113484347415,0.7688539672277892,0.5394484919312729,0.5036178730387647,0.7189248327821568,0.6151378770171818,0.648656040977696,0.6547728572494219,0.6992565333068106,0.6243379665315663,0.6543501504338961,0.7329736181216898,0.6395056816769028,0.6457468234826068,0.6355272645896014,0.6591491160454535,0.5531988959892583,0.7071387721610264,0.5966879677748216,0.6578809955988761,0.6138697565706045,0.5569783922221946,0.606161573463958,0.3908546137205659,0.6852823432876645,0.6068577964542358,0.5489966929407962,0.4165651341472511
sc_metrics_0_KNN_f1,0.2834654943797927,0.2603214656248759,0.3013369831036998,0.2723120007341321,0.2897812243941796,0.2542831011735779,0.4497012079125608,0.2297248504365294,0.1611649678882589,0.4258669469241307,0.252743943185821,0.2688740728618033,0.2994254846046266,0.37501866704886,0.2590819360941339,0.3171158690098203,0.401773199382606,0.2763982521495319,0.2920669370832436,0.2715589710887549,0.28371968713436,0.17915137022644,0.3810626659621376,0.2458907073629186,0.3058026379923851,0.2421018408141942,0.230594849302281,0.2427819939220442,0.1306413120750324,0.3321639218927883,0.2453466210106546,0.2168397455829568,0.1352301759307402
sc_metrics_0_LR_acc,0.6621329288609294,0.6193152149588482,0.6417684063953054,0.627073128279086,0.636770519929383,0.6768530720839446,0.8003083273242658,0.5935549643185718,0.5686649924161424,0.7361066215779397,0.6389835144341945,0.670040032821941,0.6583037024144018,0.713205858219161,0.6487306362980829,0.6934878285302235,0.74396399532536,0.6658875599870702,0.666036750627844,0.6647686301812666,0.6792401223363255,0.5503145436009648,0.7046522614814631,0.6642713280453539,0.6844617947634085,0.6251585150558222,0.594897680085536,0.6223487579879156,0.493075067757416,0.6943581072680707,0.6106870229007634,0.6117562224929756,0.4866598702041425
sc_metrics_0_LR_f1,0.2902181772705648,0.2605912600973322,0.3278554911193503,0.3204527771461034,0.3527295518614249,0.3343733877888585,0.4978062320822888,0.2551093498660334,0.1877703293286495,0.4370881265242312,0.2641091685996857,0.2858610051271359,0.2714898854629599,0.3926257347313557,0.2779106006835983,0.3618181870881841,0.4059183078009231,0.2927559244535327,0.3109007059923458,0.2914734743487061,0.3163903887184947,0.1544719968537468,0.388094983812561,0.242473327807238,0.3084397507155667,0.2299578844767919,0.2208209052124106,0.2482226162919457,0.1557358861386439,0.3389467522495715,0.2515799924153359,0.1968911860356382,0.1448949923985609
sc_metrics_0_RF_acc,0.6518885048611284,0.617301141308402,0.6466419673272497,0.6208071213665862,0.6414202949001666,0.6463187209389064,0.783673570877987,0.5866921948429769,0.5576000198920854,0.7509759554417286,0.6274212397742248,0.6593480368998185,0.6663351319093915,0.7139020812094388,0.6367456548225875,0.6784941691324564,0.740358554839993,0.6523858069970411,0.6578809955988761,0.654424745754283,0.666036750627844,0.4634358604570207,0.7195713255588433,0.7043290150931198,0.67431683119079,0.619936842628739,0.6138200263570132,0.6181714200462491,0.3786955764975011,0.684088818161474,0.6008901708232837,0.5755028967849417,0.4436681005544919
sc_metrics_0_RF_f1,0.2849974113914955,0.2618850907817011,0.3079664429619971,0.2937543236401978,0.323932708428406,0.2504238020215696,0.4700178428864774,0.2475483564802895,0.165356739092284,0.4619307569528611,0.2353610294846852,0.2568289548599858,0.2991052326308878,0.3857082342251304,0.2653576511555059,0.3295363163787167,0.4091444708354657,0.2737117750043122,0.2934266734675002,0.2730666345943763,0.2836388340699515,0.1780724412174465,0.3856711191870317,0.3368540741396067,0.3086521830501906,0.2478184017148495,0.2328077754829753,0.2369037858794166,0.1355093883826828,0.3138338376858819,0.245611047467376,0.211257977380047,0.1338516777350025
sc_metrics_1_KNN_acc,0.5531303236797275,0.5157048551959114,0.5611956984667802,0.538011073253833,0.5322348807495741,0.5231313884156729,0.7021135008517888,0.499414395229983,0.4284231260647359,0.6601629045996593,0.518127129471891,0.559039608177172,0.567530877342419,0.622284923339012,0.5187925894378195,0.581026405451448,0.6554248296422487,0.5398211243611585,0.5503087734241908,0.5375585604770017,0.5694207836456558,0.4195059625212947,0.6588852214650767,0.5124307921635435,0.5689416524701874,0.4941705706984667,0.5114725298126065,0.5031143526405452,0.3794718909710391,0.5951341567291312,0.5133358177172062,0.4931590715502555,0.3913436967632027
sc_metrics_1_KNN_f1,0.2860791988638216,0.2652964285345675,0.2990320961745067,0.2706714438782642,0.2793284627857242,0.2397074367825875,0.4494252478949011,0.2443380641381669,0.1406432900129302,0.4262000231010363,0.2421404524024064,0.2691070345299636,0.2994032154523063,0.362879672686814,0.2663851442067425,0.3221048493277134,0.4045961176573027,0.2751942156116598,0.299647277066799,0.2756717325796455,0.290209182045166,0.1744954338480804,0.3996474153111352,0.2544094229107903,0.2953755875380593,0.2263345215183748,0.2343786552940698,0.2386354551015205,0.1263648847289495,0.3290411748216033,0.2580439552406677,0.2112054206408125,0.1313218670444303
sc_metrics_1_LR_acc,0.5772199744463373,0.5368664821124361,0.5904493185689949,0.5717898211243612,0.592978066439523,0.6053556218057922,0.7452885434412265,0.52353066439523,0.4673658432708688,0.6721145655877342,0.5445325809199318,0.5897572402044293,0.568276192504259,0.6486637563884157,0.5652416950596252,0.6279546422487223,0.6683613713798978,0.5719229131175468,0.5826767461669506,0.5722157155025553,0.595666524701874,0.4446869676320272,0.657980195911414,0.5800947614991482,0.5876277683134583,0.5011179727427598,0.5006122231686542,0.5216673764906303,0.4426373509369676,0.6156835604770017,0.519857325383305,0.5022625638841567,0.4318302810902896
sc_metrics_1_LR_f1,0.3072801399083738,0.2661160325183865,0.3160539517800928,0.3003961094419385,0.3361375648816483,0.3358573692761946,0.4957604785913516,0.2548387743688894,0.1676454946757196,0.4361566357178255,0.2562261314467235,0.2938524054011937,0.2787877794455951,0.3901004841378761,0.3016249768047557,0.3690818579413321,0.4032763297378403,0.2882650011998448,0.3200741606665468,0.2861785823596584,0.3115232848928289,0.1599106969838331,0.4009934590689846,0.2651894347926829,0.2929451012434452,0.2014882751830252,0.191569217182271,0.2359828088485548,0.1392062899759795,0.3491009755379833,0.2670942989765825,0.1810303047851561,0.1309069435537646
sc_metrics_1_RF_acc,0.5674776405451448,0.5278162265758092,0.5676905877342419,0.5532900340715503,0.5669718909710392,0.529306856899489,0.7114033219761499,0.5268313458262351,0.439230195911414,0.6796741908006815,0.5229184412265758,0.5654546422487223,0.5800149063032368,0.6372178449744463,0.5437074105621805,0.6070059625212947,0.6744569846678024,0.557469122657581,0.5727747018739353,0.5551533219761499,0.5846465076660988,0.3505909284497445,0.6765864565587735,0.6209273850085179,0.5882399914821125,0.5031942078364565,0.5299456984667802,0.5133624361158433,0.3700489778534923,0.6029067291311755,0.522945059625213,0.5137617120954003,0.4093909710391822
sc_metrics_1_RF_f1,0.289003145500741,0.2636531847057144,0.2800156848177043,0.2703032404040563,0.2847319432509426,0.2238380463078976,0.462745830206314,0.2496056852080379,0.1303519360819307,0.4530326884997265,0.2212625613290098,0.244398670179768,0.2959576724317097,0.3767659666850438,0.2704858165935228,0.3324067851978677,0.4163730782863304,0.2724557914026861,0.3001543788559304,0.2707657359325496,0.2923674696333638,0.176204631471054,0.4099712701692905,0.3340361686652796,0.3009171842301747,0.2320552038251364,0.2239255807224356,0.2292920967295227,0.1337141668315881,0.3249101426393599,0.2668428808164318,0.1996511869691865,0.1253868578041322
sc_metrics_2_KNN_acc,0.548385379229561,0.5247184729654181,0.5303357026861539,0.5389612118307909,0.5299629955008919,0.4987088358224849,0.7009557277107792,0.4912813140590474,0.4031893086281713,0.653595293240689,0.4973777387322631,0.5519527194313554,0.551686500013311,0.5997124830285121,0.5172110853765673,0.5863748901844901,0.6392460666080984,0.535420493570801,0.5505683784575247,0.5397066262013152,0.533583579586295,0.3925405319063972,0.6616617416074329,0.4974842264994809,0.5626281180949338,0.4760003194633017,0.4867822058940979,0.5006522375742086,0.262359236482709,0.5877059872747118,0.5092777467188456,0.4745094907222533,0.2935601522775071
sc_metrics_2_KNN_f1,0.2869660396244843,0.2912733103874592,0.2864438805584325,0.3002738516209714,0.2885553807574369,0.2369115721262298,0.4545277781084997,0.2470972912185035,0.1369853946983144,0.4324163332472687,0.2384319105000064,0.2692863842241539,0.3004342722264744,0.3533071910047616,0.282980224564863,0.3336324004114722,0.3932126032911692,0.2806749463012861,0.31480439266657,0.2886562337767694,0.2775167463287373,0.1703141775302804,0.4027362715891066,0.2564288766651042,0.3112292354531678,0.2478557181904134,0.2273468237807764,0.2568267023243096,0.1007007918995032,0.3475349745953046,0.2772119880718527,0.2093035525327176,0.1143737097857365
sc_metrics_2_LR_acc,0.579399941431728,0.5434603199957405,0.5564784495381093,0.5641455687777867,0.5480659159279078,0.5927641562175545,0.7459468093602747,0.5182493411069403,0.4421638314298645,0.6692489950216969,0.5261028139392487,0.58001224609323,0.5442856001916779,0.6259617176476853,0.5738891994782099,0.643505577296808,0.6426802971008705,0.5750339429758007,0.5860820488246413,0.5772701860873732,0.5723451268535527,0.4058248808668104,0.6529031227537737,0.561722972073583,0.5832867449351755,0.4827889146234326,0.4782631845166786,0.5190479993610734,0.4193754492452679,0.6072198706173628,0.5142294278944706,0.4740835396533823,0.3410803183984239
sc_metrics_2_LR_f1,0.3020487761623231,0.2642847632805635,0.2985145701658283,0.3411165013482555,0.3259748149791305,0.3244994410954609,0.5091276221599875,0.2545294585670307,0.1620607951077758,0.4459790850091045,0.2543172725853497,0.2792696149484463,0.2737926302324308,0.3768389434307316,0.318985783559745,0.4020006678524526,0.3829424113847501,0.2883723885509643,0.3382236043824344,0.2835566056880071,0.3091901616542848,0.150403468512459,0.3668899120457167,0.2623118898113347,0.3007144900487605,0.2348132664710631,0.1951181924126863,0.2536720808503651,0.1558194569329571,0.3646556572987964,0.2902194374351766,0.1807453503869076,0.1149720492722106
sc_metrics_2_RF_acc,0.5700023959747624,0.5331576285174241,0.5299363735590874,0.5394404067832708,0.5299629955008919,0.5171045976093497,0.7156510395868274,0.5206985597529484,0.4136251098155099,0.6833320022362431,0.5089582834171924,0.5609775577030589,0.5626547400367383,0.617016745201395,0.5487847083566275,0.6096957112051753,0.6530894763464047,0.5550674866224743,0.5680057503394298,0.5594601070202061,0.5648111173228976,0.3333599552751378,0.6689295317200437,0.6116124910150946,0.5833399888187845,0.4817506588930597,0.5050981018555494,0.5144424034289061,0.2767084631152996,0.6010702020605383,0.5196869259643798,0.4897106194925857,0.3141921571759444
sc_metrics_2_RF_f1,0.2951499613655856,0.2817908606205734,0.2666656178771681,0.2801604700509961,0.270143835020031,0.2281695642817463,0.467822015216111,0.2523113123822618,0.1290507129072459,0.4648438825122774,0.2229893297038822,0.2501233183121787,0.2941007166456765,0.3593343678558322,0.2805757341280625,0.3400923667570527,0.4038897383946278,0.274843086346917,0.3088445750357211,0.2764286504293029,0.2876496821860385,0.1758697948141204,0.4069880031100881,0.3298985713405452,0.313954330833893,0.2506727357031516,0.2224348751198469,0.247180003068637,0.1143457203002307,0.347270202181873,0.2900718560332348,0.1946434466554684,0.1090629506270608
sc_metrics_cLISI,0.82510906,0.80400616,0.77991045,0.81839144,0.79256964,0.7538763,0.91659826,0.7679843,0.704567,0.8923536,0.7676687,0.84191144,0.7956831,0.8751602,0.813585,0.84570754,0.88356656,0.816412,0.82991177,0.8141548,0.82437134,0.57904065,0.9027852,0.760417,0.82263666,0.7758093,0.7595869,0.81472397,0.726675,0.84081084,0.79420006,0.77744275,0.72967184
sc_metrics_isolated_labels,0.4824037849903106,0.4815783202648163,0.4953499436378479,0.4847539365291595,0.4615102410316467,0.4783840775489807,0.5033336281776428,0.4602317214012146,0.4870151281356811,0.4712591171264648,0.488543689250946,0.4920065999031067,0.4934095740318298,0.4608191549777984,0.481002926826477,0.4898388981819153,0.4838005900382995,0.4879726767539978,0.4797031581401825,0.486693799495697,0.4647632837295532,0.4149957299232483,0.4570395946502685,0.4503029286861419,0.488069623708725,0.4557855129241943,0.4658414721488952,0.4856352806091308,0.4819750785827636,0.4952965974807739,0.4654744267463684,0.4557476043701172,0.4787963628768921
sc_metrics_ASW_label,0.5137016773223877,0.501349151134491,0.4984112083911896,0.4916658103466034,0.4636874496936798,0.4814662039279938,0.5206433534622192,0.486221045255661,0.4858745634555816,0.5236430764198303,0.4930355250835418,0.5040007829666138,0.5051122307777405,0.4897624254226684,0.5050062537193298,0.511823832988739,0.4952046573162079,0.5117066502571106,0.5146653652191162,0.5169065594673157,0.5068859457969666,0.4705051779747009,0.524780809879303,0.486759752035141,0.5115542411804199,0.4981725513935089,0.4645013213157654,0.5143619775772095,0.4842627644538879,0.5162222385406494,0.5108116865158081,0.5171727538108826,0.48621466755867
sc_metrics_best_classifier,LR,LR,LR,LR,LR,LR,LR,LR,LR,RF,LR,LR,RF,LR,LR,LR,RF,LR,LR,LR,LR,KNN,RF,RF,RF,RF,RF,LR,LR,LR,LR,RF,LR
sc_metrics_best_classifier_mean_acc,0.6062509482463315,0.5665473390223417,0.5962320581674699,0.5876695060604112,0.5926048340989379,0.6249909500357638,0.7638478933752557,0.5451116566069141,0.49273155570562527,0.7046607161595512,0.5698729697644583,0.6132698397065334,0.6030015927497888,0.6626104440850874,0.5959538436119726,0.654982682691918,0.6893016719513999,0.6042814720268058,0.6115985152064787,0.6047515105903984,0.6157505912972507,0.45508179680565003,0.6883624379458868,0.6456229637055774,0.6152989371638956,0.534960569786085,0.5496212755597809,0.5543547112798731,0.4516959559798838,0.6390871794541451,0.5482579253928462,0.5263250761243093,0.419856823230952
sc_metrics_best_classifier_mean_f1,0.2998490311137539,0.26366401863209404,0.31414133768842384,0.32065512931209916,0.33828064390740126,0.33157673272017135,0.5008981109445426,0.2548258609339845,0.17249220637071497,0.45993577598828833,0.25821752421058636,0.28632767515892527,0.296387873902758,0.3865217207666545,0.2995071203493663,0.37763357096065625,0.4098024291721413,0.28979777140144725,0.32306615701377567,0.28706955413212387,0.3123679450885361,0.17465366053493359,0.40087679748880345,0.3335962713818105,0.3078412327047528,0.2435154470810458,0.22638941044175262,0.24595916866362186,0.15025387768252682,0.35090112836211707,0.269631242942365,0.20185087033490065,0.13025799507484537
